{
  "id": "4579993",
  "name": "no name",
  "font_family": "iconfont",
  "css_prefix_text": "icon-",
  "description": "",
  "glyphs": [
    {
      "icon_id": "2883757",
      "name": "英雄联盟",
      "font_class": "yingxionglianmeng",
      "unicode": "e77c",
      "unicode_decimal": 59260
    },
    {
      "icon_id": "10020974",
      "name": "跳台滑雪",
      "font_class": "ski-jumping",
      "unicode": "e68c",
      "unicode_decimal": 59020
    },
    {
      "icon_id": "11705853",
      "name": "王者荣耀",
      "font_class": "wzry",
      "unicode": "e600",
      "unicode_decimal": 58880
    },
    {
      "icon_id": "12502150",
      "name": "QX-天天酷跑",
      "font_class": "QX-tiantiankupao",
      "unicode": "e79d",
      "unicode_decimal": 59293
    }
  ]
}
